{
    "cv_mean_val_loss": 0.04806821215897798,
    "cv_std_val_loss": 0.014706493580853651,
    "cv_mean_val_accuracy": 0.9860212719774257,
    "cv_std_val_accuracy": 0.005878304181264125,
    "cv_mean_val_f1": 0.9859835715981402,
    "cv_std_val_f1": 0.005895099951212924
}