{
    "cv_mean_val_loss": 0.0943087027430819,
    "cv_std_val_loss": 0.041171848160509075,
    "cv_mean_val_accuracy": 0.9727669850227914,
    "cv_std_val_accuracy": 0.014085534405520213,
    "cv_mean_val_f1": 0.9726091636082443,
    "cv_std_val_f1": 0.014232938944799732
}